{
    "metrics": {
        "checks": {
            "fails": 0,
            "passes": 14752,
            "value": 0
        },
        "data_received": {
            "count": 110197440,
            "rate": 608573.3396812725
        },
        "data_sent": {
            "count": 12686720,
            "rate": 70063.32960186002
        },
        "http_req_blocked": {
            "avg": 0.0068321583513992565,
            "max": 3.076,
            "med": 0.002,
            "min": 0,
            "p(90)": 0.005,
            "p(95)": 0.011
        },
        "http_req_connecting": {
            "avg": 0.0020496136117136646,
            "max": 2.995,
            "med": 0,
            "min": 0,
            "p(90)": 0,
            "p(95)": 0
        },
        "http_req_duration": {
            "avg": 10.107225949023892,
            "max": 171.77,
            "med": 8.339500000000001,
            "min": 0.872,
            "p(90)": 19.011100000000006,
            "p(95)": 23.001
        },
        "http_req_receiving": {
            "avg": 0.03300119983730634,
            "max": 11.241,
            "med": 0.024,
            "min": 0.009,
            "p(90)": 0.043,
            "p(95)": 0.053
        },
        "http_req_sending": {
            "avg": 0.01418038909978698,
            "max": 4.744,
            "med": 0.011,
            "min": 0.003,
            "p(90)": 0.021,
            "p(95)": 0.028
        },
        "http_req_tls_handshaking": {
            "avg": 0,
            "max": 0,
            "med": 0,
            "min": 0,
            "p(90)": 0,
            "p(95)": 0
        },
        "http_req_waiting": {
            "avg": 10.060044360086655,
            "max": 171.73,
            "med": 8.294,
            "min": 0.853,
            "p(90)": 18.964100000000006,
            "p(95)": 22.940099999999976
        },
        "http_reqs": {
            "count": 147520,
            "rate": 814.6898790913956
        },
        "iteration_duration": {
            "avg": 1021.3349680029144,
            "max": 1274.558168,
            "med": 1018.1734289999999,
            "min": 1002.458622,
            "p(90)": 1037.128655,
            "p(95)": 1046.3362441499999
        },
        "iterations": {
            "count": 14752,
            "rate": 81.46898790913957
        },
        "vus": {
            "max": 100,
            "min": 2,
            "value": 20
        },
        "vus_max": {
            "max": 100,
            "min": 100,
            "value": 100
        }
    },
    "root_group": {
        "name": "",
        "path": "",
        "id": "d41d8cd98f00b204e9800998ecf8427e",
        "groups": {},
        "checks": {
            "is status 200": {
                "name": "is status 200",
                "path": "::is status 200",
                "id": "548d37ca5f33793206f7832e7cea54fb",
                "passes": 14752,
                "fails": 0
            }
        }
    }
}