{
    "metrics": {
        "checks": {
            "fails": 253,
            "passes": 5621,
            "value": 0
        },
        "data_received": {
            "count": 59779331,
            "rate": 329570.68521842174
        },
        "data_sent": {
            "count": 5815260,
            "rate": 32060.232037780406
        },
        "error_count": {
            "count": 253,
            "rate": 1.3948196134925082
        },
        "http_req_blocked": {
            "avg": 0.12013992168881359,
            "max": 567.933,
            "med": 0.003,
            "min": 0,
            "p(90)": 0.006,
            "p(95)": 0.017
        },
        "http_req_connecting": {
            "avg": 0.11437425944841677,
            "max": 567.654,
            "med": 0,
            "min": 0,
            "p(90)": 0,
            "p(95)": 0
        },
        "http_req_duration": {
            "avg": 824.2579078651675,
            "max": 7458.692,
            "med": 729.4425,
            "min": 1.328,
            "p(90)": 1634.5551999999998,
            "p(95)": 1908.7538
        },
        "http_req_receiving": {
            "avg": 0.04367871978208902,
            "max": 1.218,
            "med": 0.042,
            "min": 0.011,
            "p(90)": 0.063,
            "p(95)": 0.072
        },
        "http_req_sending": {
            "avg": 0.01602837929860196,
            "max": 4.13,
            "med": 0.014,
            "min": 0.004,
            "p(90)": 0.022,
            "p(95)": 0.029
        },
        "http_req_tls_handshaking": {
            "avg": 0,
            "max": 0,
            "med": 0,
            "min": 0,
            "p(90)": 0,
            "p(95)": 0
        },
        "http_req_waiting": {
            "avg": 824.1982007660836,
            "max": 7458.637,
            "med": 729.366,
            "min": 1.275,
            "p(90)": 1634.4968999999999,
            "p(95)": 1908.7051999999999
        },
        "http_reqs": {
            "count": 58740,
            "rate": 323.8407276543475
        },
        "iteration_duration": {
            "avg": 2574.4361108157927,
            "max": 8512.175663,
            "med": 2757.0852365,
            "min": 1009.684671,
            "p(90)": 3433.6502457999995,
            "p(95)": 3938.51479825
        },
        "iterations": {
            "count": 5874,
            "rate": 32.38407276543475
        },
        "vus": {
            "max": 100,
            "min": 2,
            "value": 100
        },
        "vus_max": {
            "max": 100,
            "min": 100,
            "value": 100
        }
    },
    "root_group": {
        "name": "",
        "path": "",
        "id": "d41d8cd98f00b204e9800998ecf8427e",
        "groups": {},
        "checks": {
            "is status 200": {
                "name": "is status 200",
                "path": "::is status 200",
                "id": "548d37ca5f33793206f7832e7cea54fb",
                "passes": 5621,
                "fails": 253
            }
        }
    }
}
